{"DocumentTypeId":"Heath.Insurance.ClaimForm","FormId":"c4b1bc07","FormName":"HandwrittenTemplate","OriginalFileExtension":"png","Pages":[{"Page":0,"Size":[0.0,0.0,1847.0,980.0],"SkewAngle":0.0,"Evidence":[{"Text":"RELIGARE","Box":[94.04,113.63,246.16,61.66]},{"Text":"Health","Box":[98.62,392.64,121.11,40.33]},{"Text":"Insurance","Box":[137.47,394.74,176.1,36.47]},{"Text":"Hedth","Box":[96.82,1409.64,148.15,56.4]},{"Text":"Hamesha","Box":[96.3,1558.64,195.14,54.52]}],"Fields":[{"Field":"Heath.Insurance.ClaimForm.PolicyNumber","Box":[603.6419,274.1641,1428.53906,48.099]},{"Field":"Heath.Insurance.ClaimForm.CertificateNumber","Box":[656.5508,355.9323,514.6589,64.9336]},{"Field":"Heath.Insurance.ClaimForm.Name","Box":[716.6745,274.1641,719.0794,55.3138]}],"Tables":[]}]}