{"DataContractVersion":"1.0","DocumentTypes":[{"DocumentTypeId":"Heath.Insurance.ClaimForm","Group":"Heath","Category":"Insurance","Name":"ClaimForm","OptionalUniqueIdentifier":null,"TypeField":{"FieldId":"Heath.Insurance.ClaimForm.DocumentType","FieldName":"Document Type"},"Fields":[{"FieldId":"Heath.Insurance.ClaimForm.PolicyNumber","FieldName":"Policy Number","IsMultiValue":false,"Type":"Text","DeriveFieldsFormat":"","Components":[],"SetValues":[]},{"FieldId":"Heath.Insurance.ClaimForm.CertificateNumber","FieldName":"Certificate Number","IsMultiValue":false,"Type":"Text","DeriveFieldsFormat":"","Components":[],"SetValues":[]},{"FieldId":"Heath.Insurance.ClaimForm.Name","FieldName":"Name","IsMultiValue":false,"Type":"Text","DeriveFieldsFormat":"","Components":[],"SetValues":[]}]}],"Groups":[{"Name":"Heath","Categories":["Insurance"]}],"SupportedLanguages":[{"Name":"Undetermined Language","Code":"und"},{"Name":"Bulgarian","Code":"bul"},{"Name":"Cantonese","Code":"yue"},{"Name":"Danish","Code":"dan"},{"Name":"Dutch","Code":"nld"},{"Name":"English","Code":"eng"},{"Name":"French","Code":"fra"},{"Name":"Georgian","Code":"kat"},{"Name":"German","Code":"deu"},{"Name":"Greek","Code":"ell"},{"Name":"Hebrew","Code":"heb"},{"Name":"Hindi","Code":"hin"},{"Name":"Italian","Code":"ita"},{"Name":"Japanese","Code":"jpn"},{"Name":"Korean","Code":"kor"},{"Name":"Macedonian","Code":"mkd"},{"Name":"Mandarin","Code":"zho"},{"Name":"Marathi","Code":"mar"},{"Name":"Norwegian","Code":"nor"},{"Name":"Polish","Code":"pol"},{"Name":"Portuguese","Code":"por"},{"Name":"Romanian","Code":"ron"},{"Name":"Russian","Code":"rus"},{"Name":"Serbian","Code":"srp"},{"Name":"Spanish","Code":"spa"},{"Name":"Swedish","Code":"swe"},{"Name":"Telugu","Code":"tel"}]}